{"cameraMode":{"drawMode":0,"name":"Shaded","section":"Shading Mode"},"sceneLighting":true,"audioPlay":false,"sceneViewState":{"showFog":true,"showMaterialUpdate":true,"showSkybox":true,"showFlares":true,"showImageEffects":true,"showParticleSystems":true},"in2DMode":false,"pivot":{"x":72.99427032470703,"y":-3.9406015872955324,"z":21.032062530517579},"rotation":{"x":-0.16230788826942445,"y":-0.08616700023412705,"z":0.016327330842614175,"w":-0.9830845594406128},"size":4.864043712615967,"orthographic":false}