{"cameraMode":{"drawMode":0,"name":"Shaded","section":"Shading Mode"},"sceneLighting":true,"audioPlay":false,"sceneViewState":{"showFog":true,"showMaterialUpdate":true,"showSkybox":true,"showFlares":true,"showImageEffects":true,"showParticleSystems":true},"in2DMode":false,"pivot":{"x":-9.493951797485352,"y":-6.2484588623046879,"z":0.2831907868385315},"rotation":{"x":0.2600049376487732,"y":-0.6562519073486328,"z":0.2584676146507263,"w":0.6597270369529724},"size":10.502252578735352,"orthographic":false}