{"cameraMode":{"drawMode":0,"name":"Shaded","section":"Shading Mode"},"sceneLighting":true,"audioPlay":false,"sceneViewState":{"showFog":true,"showMaterialUpdate":true,"showSkybox":true,"showFlares":true,"showImageEffects":true,"showParticleSystems":true},"in2DMode":false,"pivot":{"x":63.042911529541019,"y":-1.3576289415359498,"z":12.564879417419434},"rotation":{"x":-0.1348489373922348,"y":-0.6951739192008972,"z":0.13548964262008668,"w":-0.6932159662246704},"size":1.2683844566345215,"orthographic":false}