{"cameraMode":{"drawMode":0,"name":"Shaded","section":"Shading Mode"},"sceneLighting":true,"audioPlay":false,"sceneViewState":{"showFog":true,"showMaterialUpdate":true,"showSkybox":true,"showFlares":true,"showImageEffects":true,"showParticleSystems":true},"in2DMode":false,"pivot":{"x":65.07675170898438,"y":-1.4639238119125367,"z":9.493863105773926},"rotation":{"x":0.0020795068703591825,"y":0.8663365244865418,"z":0.003640267299488187,"w":-0.4996992349624634},"size":6.054596900939941,"orthographic":false}