{"cameraMode":{"drawMode":0,"name":"Shaded","section":"Shading Mode"},"sceneLighting":true,"audioPlay":false,"sceneViewState":{"showFog":true,"showMaterialUpdate":true,"showSkybox":true,"showFlares":true,"showImageEffects":true,"showParticleSystems":true},"in2DMode":false,"pivot":{"x":-5.424839973449707,"y":1.5865553617477418,"z":-2.221261501312256},"rotation":{"x":-0.10498199611902237,"y":0.8411351442337036,"z":-0.17367233335971833,"w":-0.5017581582069397},"size":4.329550743103027,"orthographic":false}