{"cameraMode":{"drawMode":0,"name":"Shaded","section":"Shading Mode"},"sceneLighting":false,"audioPlay":false,"sceneViewState":{"showFog":true,"showMaterialUpdate":true,"showSkybox":false,"showFlares":true,"showImageEffects":true,"showParticleSystems":true},"in2DMode":false,"pivot":{"x":-0.14234709739685059,"y":1.3360480070114136,"z":-0.16703319549560548},"rotation":{"x":-0.07185661047697067,"y":0.10363759845495224,"z":-0.007506353314965963,"w":-0.9919979572296143},"size":3.813321828842163,"orthographic":false}