{"cameraMode":{"drawMode":0,"name":"Shaded","section":"Shading Mode"},"sceneLighting":true,"audioPlay":false,"sceneViewState":{"showFog":true,"showMaterialUpdate":true,"showSkybox":true,"showFlares":true,"showImageEffects":true,"showParticleSystems":true},"in2DMode":false,"pivot":{"x":73.88373565673828,"y":-3.368936538696289,"z":17.681272506713868},"rotation":{"x":-0.22857578098773957,"y":-0.27114537358283999,"z":0.06643438339233399,"w":-0.9327855706214905},"size":7.040943145751953,"orthographic":false}