{"cameraMode":{"drawMode":0,"name":"Shaded","section":"Shading Mode"},"sceneLighting":true,"audioPlay":false,"sceneViewState":{"showFog":true,"showMaterialUpdate":true,"showSkybox":true,"showFlares":true,"showImageEffects":true,"showParticleSystems":true},"in2DMode":false,"pivot":{"x":-3.8052010536193849,"y":-2.0043649673461916,"z":-7.36060094833374},"rotation":{"x":0.08481962978839874,"y":-0.9158002138137817,"z":0.2608645260334015,"w":0.2941052317619324},"size":5.275388240814209,"orthographic":false}