{"cameraMode":{"drawMode":0,"name":"Shaded","section":"Shading Mode"},"sceneLighting":true,"audioPlay":false,"sceneViewState":{"showFog":true,"showMaterialUpdate":true,"showSkybox":true,"showFlares":true,"showImageEffects":true,"showParticleSystems":true},"in2DMode":false,"pivot":{"x":-19.99105453491211,"y":5.796088695526123,"z":13.56314754486084},"rotation":{"x":-0.05077856779098511,"y":-0.43438631296157839,"z":-0.025173751637339593,"w":0.8991595506668091},"size":12.367386817932129,"orthographic":false}