{"cameraMode":{"drawMode":0,"name":"Shaded","section":"Shading Mode"},"sceneLighting":true,"audioPlay":false,"sceneViewState":{"showFog":true,"showMaterialUpdate":true,"showSkybox":true,"showFlares":true,"showImageEffects":true,"showParticleSystems":true},"in2DMode":false,"pivot":{"x":-5.667723655700684,"y":1.2472994327545167,"z":-1.7947304248809815},"rotation":{"x":-0.10830047726631165,"y":0.8452580571174622,"z":-0.18365785479545594,"w":-0.4904487133026123},"size":4.1697797775268559,"orthographic":false}