{"cameraMode":{"drawMode":0,"name":"Shaded","section":"Shading Mode"},"sceneLighting":true,"audioPlay":false,"sceneViewState":{"showFog":true,"showMaterialUpdate":true,"showSkybox":true,"showFlares":true,"showImageEffects":true,"showParticleSystems":true},"in2DMode":false,"pivot":{"x":70.15485382080078,"y":-1.4876519441604615,"z":12.11616325378418},"rotation":{"x":-0.06349406391382218,"y":-0.7068341970443726,"z":-0.06531377136707306,"w":0.7017797231674194},"size":0.7259765863418579,"orthographic":false}