{"cameraMode":{"drawMode":0,"name":"Shaded","section":"Shading Mode"},"sceneLighting":false,"audioPlay":false,"sceneViewState":{"showFog":true,"showMaterialUpdate":true,"showSkybox":false,"showFlares":true,"showImageEffects":true,"showParticleSystems":true},"in2DMode":false,"pivot":{"x":62.99131393432617,"y":-2.332230567932129,"z":12.985806465148926},"rotation":{"x":-0.005970380734652281,"y":-0.758168637752533,"z":0.007143678143620491,"w":-0.6522665023803711},"size":0.7626650333404541,"orthographic":true}