{"cameraMode":{"drawMode":0,"name":"Shaded","section":"Shading Mode"},"sceneLighting":false,"audioPlay":false,"sceneViewState":{"showFog":true,"showMaterialUpdate":false,"showSkybox":false,"showFlares":true,"showImageEffects":true,"showParticleSystems":true},"in2DMode":false,"pivot":{"x":0.0000010728836059570313,"y":1.0426204204559327,"z":-0.18787002563476563},"rotation":{"x":0.030602946877479554,"y":0.9403952956199646,"z":-0.08800770342350006,"w":0.3271631896495819},"size":3.813321828842163,"orthographic":true}